insert into SCHOOL(id, name, hour_price) values (1, 'Public School Number: 1', 10);
insert into SCHOOL(id, name, hour_price) values (2, 'Public School Number: 2', 20);
insert into SCHOOL(id, name, hour_price) values (3, 'Public School Number: 3', 30);
insert into PARENT(id, first_name, last_name) values (1, 'Aubrey', 'Stokes');
insert into PARENT(id, first_name, last_name) values (2, 'Bernard', 'Monroe');
insert into PARENT(id, first_name, last_name) values (3, 'Celina', 'Carr');
insert into PARENT(id, first_name, last_name) values (4, 'Dominik', 'Baird');
insert into PARENT(id, first_name, last_name) values (5, 'Ewa', 'Douglas');
insert into PARENT(id, first_name, last_name) values (6, 'Frank', 'Sellers');
insert into PARENT(id, first_name, last_name) values (7, 'Greg', 'Compton');
insert into PARENT(id, first_name, last_name) values (8, 'Hanna', 'Rocha');
insert into PARENT(id, first_name, last_name) values (9, 'Ian', 'Hall');
insert into PARENT(id, first_name, last_name) values (10, 'Jake', 'Serton');
insert into CHILD(id, first_name, last_name, parent_id, school_id) values (1, 'Bernard_junior', 'Monroe', 2, 2);
insert into CHILD(id, first_name, last_name, parent_id, school_id) values (2, 'Hanna_junior', 'Carr', 3, 3);
insert into CHILD(id, first_name, last_name, parent_id, school_id) values (3, 'Celina_junior', 'Baird', 4, 1);
insert into CHILD(id, first_name, last_name, parent_id, school_id) values (4, 'Greg_junior', 'Douglas', 5, 2);
insert into CHILD(id, first_name, last_name, parent_id, school_id) values (5, 'Jake_junior', 'Sellers', 6, 3);
insert into CHILD(id, first_name, last_name, parent_id, school_id) values (6, 'Bernard_junior', 'Compton', 7, 1);
insert into CHILD(id, first_name, last_name, parent_id, school_id) values (7, 'Hanna_junior', 'Stokes', 1, 2);
insert into CHILD(id, first_name, last_name, parent_id, school_id) values (8, 'Celina_junior', 'Monroe', 2, 3);
insert into CHILD(id, first_name, last_name, parent_id, school_id) values (9, 'Bernard_junior', 'Carr', 3, 1);
insert into CHILD(id, first_name, last_name, parent_id, school_id) values (10, 'Frank_junior', 'Baird', 4, 2);
insert into ATTENDANCE(id, entry_date, exit_date, child_id) values (1, '2024-02-18T01:46:27.385895700', '2024-02-18T04:46:27.385895700', 2);
insert into ATTENDANCE(id, entry_date, exit_date, child_id) values (2, '2024-02-18T02:46:27.386894200', '2024-02-18T05:46:27.386894200', 3);
insert into ATTENDANCE(id, entry_date, exit_date, child_id) values (3, '2024-02-18T03:46:27.386894200', '2024-02-18T06:46:27.386894200', 4);
insert into ATTENDANCE(id, entry_date, exit_date, child_id) values (4, '2024-02-18T04:46:27.387891500', '2024-02-18T07:46:27.387891500', 5);
insert into ATTENDANCE(id, entry_date, exit_date, child_id) values (5, '2024-02-18T05:46:27.387891500', '2024-02-18T08:46:27.387891500', 6);
insert into ATTENDANCE(id, entry_date, exit_date, child_id) values (6, '2024-02-18T06:46:27.388889700', '2024-02-18T09:46:27.388889700', 7);
insert into ATTENDANCE(id, entry_date, exit_date, child_id) values (7, '2024-02-18T07:46:27.388889700', '2024-02-18T10:46:27.388889700', 8);
insert into ATTENDANCE(id, entry_date, exit_date, child_id) values (8, '2024-02-18T08:46:27.388889700', '2024-02-18T11:46:27.389885400', 9);
insert into ATTENDANCE(id, entry_date, exit_date, child_id) values (9, '2024-02-18T09:46:27.389885400', '2024-02-18T12:46:27.389885400', 1);
insert into ATTENDANCE(id, entry_date, exit_date, child_id) values (10, '2024-02-18T10:46:27.390884400', '2024-02-18T13:46:27.390884400', 2);
insert into ATTENDANCE(id, entry_date, exit_date, child_id) values (11, '2024-02-18T11:46:27.390884400', '2024-02-18T14:46:27.390884400', 3);
insert into ATTENDANCE(id, entry_date, exit_date, child_id) values (12, '2024-02-18T12:46:27.390884400', '2024-02-18T15:46:27.390884400', 4);
insert into ATTENDANCE(id, entry_date, exit_date, child_id) values (13, '2024-02-18T13:46:27.391881400', '2024-02-18T16:46:27.391881400', 5);
insert into ATTENDANCE(id, entry_date, exit_date, child_id) values (14, '2024-02-18T14:46:27.391881400', '2024-02-18T17:46:27.391881400', 6);
insert into ATTENDANCE(id, entry_date, exit_date, child_id) values (15, '2024-02-18T15:46:27.392878900', '2024-02-18T18:46:27.392878900', 7);
